315,125.392976,216.58.209.202,192.168.0.202,42,192.168.0.102 is at dc:85:de:91:34:93
6,2.221453,172.217.20.174,192.168.0.102,TCP,68,443  >  55453 [ACK] Seq=1 Ack=2 Win=208 Len=0 SLE=1 SRE=2
7,3.272953,34.251.46.27,192.168.0.102,TCP,56,"80  >  55462 [FIN, ACK] Seq=1 Ack=1 Win=115 Len=0"
9,3.373021,192.30.253.125,192.168.0.102,TLSv1.2,88,Application Data
11,3.537883,192.30.253.125,192.168.0.102,TCP,56,443  >  54086 [ACK] Seq=32 Ack=36 Win=31 Len=0
13,4.870000,172.217.20.174,192.168.0.102,TCP,68,443  >  55300 [ACK] Seq=1 Ack=2 Win=243 Len=0 SLE=1 SRE=2
15,4.973244,172.217.20.173,192.168.0.102,TCP,68,443  >  55452 [ACK] Seq=1 Ack=2 Win=186 Len=0 SLE=1 SRE=2
17,6.838520,40.118.105.28,192.168.0.102,TLSv1.2,155,Application Data
20,7.505765,104.25.219.21,192.168.0.102,TCP,56,"443  >  55458 [FIN, ACK] Seq=1 Ack=2 Win=31 Len=0"
23,11.322356,172.217.20.163,192.168.0.102,TCP,68,443  >  55433 [ACK] Seq=1 Ack=2 Win=180 Len=0 SLE=1 SRE=2
24,12.107757,198.252.206.25,192.168.0.102,TLSv1.2,112,Application Data
26,12.253966,198.252.206.25,192.168.0.102,TCP,56,443  >  55151 [ACK] Seq=59 Ack=38 Win=62 Len=0
28,13.778984,216.58.209.206,192.168.0.102,TCP,68,443  >  55434 [ACK] Seq=1 Ack=2 Win=534 Len=0 SLE=1 SRE=2
30,15.059144,157.55.235.176,192.168.0.102,TCP,56,40009  >  53868 [ACK] Seq=1 Ack=3 Win=83 Len=0
32,15.168009,157.55.235.176,192.168.0.102,TCP,56,40009  >  53868 [ACK] Seq=1 Ack=494 Win=83 Len=0
33,15.168010,157.55.235.176,192.168.0.102,TCP,60,"40009  >  53868 [PSH, ACK] Seq=1 Ack=494 Win=83 Len=4"
36,15.455651,74.125.232.79,192.168.0.102,TCP,68,443  >  55294 [ACK] Seq=1 Ack=2 Win=621 Len=0 SLE=1 SRE=2
38,19.217258,64.233.161.188,192.168.0.102,TCP,68,5228  >  53934 [ACK] Seq=1 Ack=2 Win=180 Len=0 SLE=1 SRE=2
40,19.816178,172.217.20.174,192.168.0.102,TCP,68,443  >  55257 [ACK] Seq=1 Ack=2 Win=757 Len=0 SLE=1 SRE=2
42,20.142356,216.58.209.202,192.168.0.102,TCP,68,443  >  55372 [ACK] Seq=1 Ack=2 Win=190 Len=0 SLE=1 SRE=2
43,20.755087,198.252.206.25,192.168.0.102,TLSv1.2,112,Application Data
45,20.893139,198.252.206.25,192.168.0.102,TCP,56,443  >  55187 [ACK] Seq=59 Ack=38 Win=62 Len=0
46,24.499272,192.168.0.102,192.168.0.255,DB-LSP-DISC,174,Dropbox LAN sync Discovery Protocol
48,24.973501,157.55.130.154,192.168.0.102,UDP,62,40029  >  23310 Len=20
49,25.191851,40.77.226.192,192.168.0.102,TLSv1.2,555,Application Data
51,26.040993,172.217.20.163,192.168.0.102,TLSv1.2,117,Application Data
53,26.053389,172.217.20.163,192.168.0.102,TCP,56,"443  >  55433 [FIN, ACK] Seq=64 Ack=2 Win=180 Len=0"
55,26.095819,172.217.20.163,192.168.0.102,TCP,56,443  >  55433 [ACK] Seq=65 Ack=3 Win=180 Len=0
56,28.338131,216.58.209.206,192.168.0.102,TLSv1.2,117,Application Data
58,28.353841,216.58.209.206,192.168.0.102,TCP,56,"443  >  55434 [FIN, ACK] Seq=64 Ack=2 Win=534 Len=0"
60,28.398474,216.58.209.206,192.168.0.102,TCP,56,443  >  55434 [ACK] Seq=65 Ack=3 Win=534 Len=0
61,28.774506,81.90.11.141,192.168.0.102,UDP,60,24385  >  23310 Len=18
63,29.885439,162.125.18.133,192.168.0.102,TLSv1.2,311,Application Data
65,30.038133,162.125.18.133,192.168.0.102,TCP,56,443  >  55200 [ACK] Seq=258 Ack=700 Win=119 Len=0
67,32.218452,88.208.35.231,192.168.0.102,TCP,56,443  >  55461 [RST] Seq=1 Win=0 Len=0
71,39.785993,157.55.235.142,192.168.0.102,UDP,482,40012  >  23310 Len=440
73,39.843919,157.55.130.161,192.168.0.102,UDP,62,40030  >  23310 Len=20
74,39.916742,157.56.52.19,192.168.0.102,UDP,63,40025  >  23310 Len=21
76,40.074190,111.221.77.147,192.168.0.102,UDP,63,40022  >  23310 Len=21
77,40.228174,192.30.253.124,192.168.0.102,TCP,68,443  >  55310 [ACK] Seq=1 Ack=2 Win=31 Len=0 SLE=1 SRE=2
78,44.271963,162.125.18.133,192.168.0.102,TLSv1.2,311,Application Data
80,44.421046,162.125.18.133,192.168.0.102,TCP,56,443  >  55193 [ACK] Seq=258 Ack=1007 Win=157 Len=0
82,45.125000,216.58.209.202,192.168.0.102,TCP,68,[TCP Keep-Alive ACK] 443  >  55450 [ACK] Seq=1 Ack=2 Win=189 Len=0 SLE=1 SRE=2
86,47.289388,172.217.20.174,192.168.0.102,TCP,68,[TCP Keep-Alive ACK] 443  >  55453 [ACK] Seq=1 Ack=2 Win=208 Len=0 SLE=1 SRE=2
88,48.353747,34.251.46.27,192.168.0.102,TCP,56,[TCP Keep-Alive ACK] 80  >  55462 [ACK] Seq=2 Ack=1 Win=115 Len=0
90,48.693712,192.30.253.125,192.168.0.102,TCP,68,[TCP Keep-Alive ACK] 443  >  54086 [ACK] Seq=32 Ack=36 Win=31 Len=0 SLE=35 SRE=36
92,49.922343,172.217.20.174,192.168.0.102,TCP,68,[TCP Keep-Alive ACK] 443  >  55300 [ACK] Seq=1 Ack=2 Win=243 Len=0 SLE=1 SRE=2
94,50.026075,172.217.20.173,192.168.0.102,TCP,68,[TCP Keep-Alive ACK] 443  >  55452 [ACK] Seq=1 Ack=2 Win=186 Len=0 SLE=1 SRE=2
95,54.587866,192.168.0.102,192.168.0.255,DB-LSP-DISC,174,Dropbox LAN sync Discovery Protocol
96,55.099104,192.30.253.124,192.168.0.102,TLSv1.2,88,Application Data
98,55.255120,192.30.253.124,192.168.0.102,TCP,56,443  >  55310 [ACK] Seq=32 Ack=37 Win=31 Len=0
100,57.399550,198.252.206.25,192.168.0.102,TCP,68,[TCP Keep-Alive ACK] 443  >  55151 [ACK] Seq=59 Ack=38 Win=62 Len=0 SLE=37 SRE=38
102,60.534030,74.125.232.79,192.168.0.102,TCP,68,[TCP Keep-Alive ACK] 443  >  55294 [ACK] Seq=1 Ack=2 Win=621 Len=0 SLE=1 SRE=2
103,61.624653,157.55.235.176,192.168.0.102,TCP,60,"40009  >  53868 [PSH, ACK] Seq=5 Ack=494 Win=83 Len=4"
105,61.756093,157.55.235.176,192.168.0.102,TCP,164,"40009  >  53868 [PSH, ACK] Seq=9 Ack=494 Win=83 Len=110"
108,61.838122,40.118.105.28,192.168.0.102,TLSv1.2,155,Application Data
110,61.900233,157.55.235.176,192.168.0.102,TCP,56,40009  >  53868 [ACK] Seq=119 Ack=534 Win=83 Len=0
111,63.602926,192.30.253.125,192.168.0.102,TLSv1.2,88,Application Data
113,63.757239,192.30.253.125,192.168.0.102,TCP,56,443  >  54086 [ACK] Seq=63 Ack=71 Win=31 Len=0
115,64.284992,64.233.161.188,192.168.0.102,TCP,68,[TCP Keep-Alive ACK] 5228  >  53934 [ACK] Seq=1 Ack=2 Win=180 Len=0 SLE=1 SRE=2
117,64.806081,157.55.235.175,192.168.0.102,UDP,154,40027  >  23310 Len=112
120,64.873394,172.217.20.174,192.168.0.102,TCP,68,[TCP Keep-Alive ACK] 443  >  55257 [ACK] Seq=1 Ack=2 Win=757 Len=0 SLE=1 SRE=2
122,65.200890,216.58.209.202,192.168.0.102,TCP,68,[TCP Keep-Alive ACK] 443  >  55372 [ACK] Seq=1 Ack=2 Win=190 Len=0 SLE=1 SRE=2
124,66.030540,198.252.206.25,192.168.0.102,TCP,68,[TCP Keep-Alive ACK] 443  >  55187 [ACK] Seq=59 Ack=38 Win=62 Len=0 SLE=37 SRE=38
126,70.055311,157.55.235.176,192.168.0.102,TCP,60,"40009  >  53868 [PSH, ACK] Seq=119 Ack=534 Win=83 Len=4"
128,70.187656,157.55.235.176,192.168.0.102,TCP,523,"40009  >  53868 [PSH, ACK] Seq=123 Ack=534 Win=83 Len=469"
130,70.293992,157.55.235.176,192.168.0.102,TCP,56,40009  >  53868 [ACK] Seq=592 Ack=538 Win=83 Len=0
132,72.994116,157.56.52.39,192.168.0.102,UDP,121,40002  >  23310 Len=79
134,73.213615,157.56.52.39,192.168.0.102,UDP,53,40002  >  23310 Len=11
136,75.070841,157.55.235.176,192.168.0.102,TCP,56,40009  >  53868 [ACK] Seq=592 Ack=1029 Win=83 Len=0
137,75.070842,157.55.235.176,192.168.0.102,TCP,60,"40009  >  53868 [PSH, ACK] Seq=592 Ack=1029 Win=83 Len=4"
139,83.900573,157.55.235.176,192.168.0.102,TCP,60,"40009  >  53868 [PSH, ACK] Seq=596 Ack=1029 Win=83 Len=3"
141,84.079758,157.55.235.176,192.168.0.102,TCP,64,"40009  >  53868 [PSH, ACK] Seq=599 Ack=1029 Win=83 Len=10"
143,84.228772,157.55.235.176,192.168.0.102,TCP,56,40009  >  53868 [ACK] Seq=609 Ack=1033 Win=83 Len=0
144,84.658934,192.168.0.102,192.168.0.255,DB-LSP-DISC,174,Dropbox LAN sync Discovery Protocol
146,85.555506,192.168.0.102,192.168.0.1,DNS,75,Standard query 0xa362 A docs.google.com
147,85.556347,192.168.0.102,192.168.0.1,DNS,76,Standard query 0x6c00 A drive.google.com
148,85.557291,192.168.0.102,192.168.0.1,DNS,75,Standard query 0x9def A ssl.gstatic.com
149,85.557863,192.168.0.1,192.168.0.102,DNS,91,Standard query response 0xa362 A docs.google.com A 216.58.209.206
151,85.560862,192.168.0.1,192.168.0.102,DNS,92,Standard query response 0x6c00 A drive.google.com A 216.58.209.206
153,85.561824,192.168.0.1,192.168.0.102,DNS,91,Standard query response 0x9def A ssl.gstatic.com A 172.217.20.163
155,85.617250,172.217.20.163,192.168.0.102,TCP,68,"443  >  55465 [SYN, ACK] Seq=0 Ack=1 Win=42780 Len=0 MSS=1380 SACK_PERM=1 WS=256"
156,85.617252,216.58.209.206,192.168.0.102,TCP,68,"443  >  55463 [SYN, ACK] Seq=0 Ack=1 Win=42780 Len=0 MSS=1380 SACK_PERM=1 WS=256"
157,85.617253,216.58.209.206,192.168.0.102,TCP,68,"443  >  55464 [SYN, ACK] Seq=0 Ack=1 Win=42780 Len=0 MSS=1380 SACK_PERM=1 WS=256"
164,85.633059,34.251.46.27,192.168.0.102,TCP,56,80  >  55462 [RST] Seq=2 Win=0 Len=0
165,85.658755,172.217.20.163,192.168.0.102,TCP,56,443  >  55465 [ACK] Seq=1 Ack=518 Win=44032 Len=0
166,85.658757,172.217.20.163,192.168.0.102,TLSv1.2,214,"Server Hello, Change Cipher Spec, Encrypted Handshake Message"
168,85.667423,216.58.209.206,192.168.0.102,TCP,56,443  >  55463 [ACK] Seq=1 Ack=518 Win=44032 Len=0
169,85.667425,216.58.209.206,192.168.0.102,TCP,56,443  >  55464 [ACK] Seq=1 Ack=205 Win=44032 Len=0
170,85.667426,216.58.209.206,192.168.0.102,TLSv1.2,214,"Server Hello, Change Cipher Spec, Encrypted Handshake Message"
171,85.667754,216.58.209.206,192.168.0.102,TLSv1.2,1484,Server Hello
172,85.667755,216.58.209.206,192.168.0.102,TCP,1484,443  >  55464 [ACK] Seq=1431 Ack=205 Win=44032 Len=1430 [TCP segment of a reassembled PDU]
173,85.667761,216.58.209.206,192.168.0.102,TLSv1.2,1484,Certificate [TCP segment of a reassembled PDU]
174,85.667762,216.58.209.206,192.168.0.102,TLSv1.2,139,"Server Key Exchange, Server Hello Done"
178,85.725807,216.58.209.206,192.168.0.102,TLSv1.2,375,"New Session Ticket, Change Cipher Spec, Encrypted Handshake Message"
179,85.754014,172.217.20.163,192.168.0.102,TCP,56,443  >  55465 [ACK] Seq=161 Ack=734 Win=45056 Len=0
181,85.768924,216.58.209.206,192.168.0.102,TCP,56,443  >  55463 [ACK] Seq=161 Ack=734 Win=45056 Len=0
184,85.947808,172.217.20.163,192.168.0.102,TCP,56,443  >  55465 [ACK] Seq=161 Ack=827 Win=45056 Len=0
185,85.947810,172.217.20.163,192.168.0.102,TLSv1.2,123,Application Data
187,85.961190,172.217.20.163,192.168.0.102,TLSv1.2,92,Application Data
188,85.968835,172.217.20.163,192.168.0.102,TLSv1.2,309,Application Data
189,85.968836,172.217.20.163,192.168.0.102,TLSv1.2,135,Application Data
191,85.981164,172.217.20.163,192.168.0.102,TLSv1.2,92,Application Data
192,85.981165,172.217.20.163,192.168.0.102,TLSv1.2,100,Application Data
195,86.032942,172.217.20.163,192.168.0.102,TCP,56,443  >  55465 [ACK] Seq=688 Ack=1304 Win=46080 Len=0
197,90.193768,216.58.209.202,192.168.0.102,TCP,68,[TCP Keep-Alive ACK] 443  >  55450 [ACK] Seq=1 Ack=2 Win=189 Len=0 SLE=1 SRE=2
201,92.346360,172.217.20.174,192.168.0.102,TCP,68,[TCP Keep-Alive ACK] 443  >  55453 [ACK] Seq=1 Ack=2 Win=208 Len=0 SLE=1 SRE=2
203,94.077976,157.56.52.43,192.168.0.102,UDP,63,40010  >  23310 Len=21
205,94.986883,172.217.20.174,192.168.0.102,TCP,68,[TCP Keep-Alive ACK] 443  >  55300 [ACK] Seq=1 Ack=2 Win=243 Len=0 SLE=1 SRE=2
207,95.086749,172.217.20.173,192.168.0.102,TCP,68,[TCP Keep-Alive ACK] 443  >  55452 [ACK] Seq=1 Ack=2 Win=186 Len=0 SLE=1 SRE=2
208,95.687685,216.58.209.206,192.168.0.102,TCP,56,"443  >  55464 [FIN, ACK] Seq=4697 Ack=463 Win=45056 Len=0"
209,95.687686,216.58.209.206,192.168.0.102,TCP,56,"443  >  55463 [FIN, ACK] Seq=161 Ack=734 Win=45056 Len=0"
212,96.668624,192.168.0.1,224.0.0.1,IGMPv2,46,"Membership Query, general"
216,100.391735,157.55.235.176,192.168.0.102,TCP,56,40009  >  53868 [ACK] Seq=609 Ack=1327 Win=83 Len=0
217,100.391736,157.55.235.176,192.168.0.102,TCP,60,"40009  >  53868 [PSH, ACK] Seq=609 Ack=1327 Win=83 Len=4"
218,100.411935,192.30.253.124,192.168.0.102,TCP,68,[TCP Keep-Alive ACK] 443  >  55310 [ACK] Seq=32 Ack=37 Win=31 Len=0 SLE=36 SRE=37
222,102.544349,198.252.206.25,192.168.0.102,TCP,68,[TCP Keep-Alive ACK] 443  >  55151 [ACK] Seq=59 Ack=38 Win=62 Len=0 SLE=37 SRE=38
223,103.304546,5.107.19.143,192.168.0.102,UDP,60,18989  >  23310 Len=18
225,104.832623,216.58.209.202,192.168.0.102,TLSv1.2,117,Application Data
227,104.848792,216.58.209.202,192.168.0.102,TCP,56,"443  >  55450 [FIN, ACK] Seq=64 Ack=2 Win=189 Len=0"
229,104.892824,216.58.209.202,192.168.0.102,TCP,56,443  >  55450 [ACK] Seq=65 Ack=3 Win=189 Len=0
232,105.557806,162.125.18.133,192.168.0.102,TLSv1.2,311,Application Data
234,105.600790,74.125.232.79,192.168.0.102,TCP,68,[TCP Keep-Alive ACK] 443  >  55294 [ACK] Seq=1 Ack=2 Win=621 Len=0 SLE=1 SRE=2
235,105.708968,162.125.18.133,192.168.0.102,TCP,56,443  >  55193 [ACK] Seq=515 Ack=2013 Win=161 Len=0
236,106.941349,172.217.20.174,192.168.0.102,TLSv1.2,117,Application Data
238,106.953202,172.217.20.174,192.168.0.102,TCP,56,"443  >  55453 [FIN, ACK] Seq=64 Ack=2 Win=208 Len=0"
240,106.997319,172.217.20.174,192.168.0.102,TCP,56,443  >  55453 [ACK] Seq=65 Ack=3 Win=208 Len=0
242,108.913604,192.30.253.125,192.168.0.102,TCP,68,[TCP Keep-Alive ACK] 443  >  54086 [ACK] Seq=63 Ack=71 Win=31 Len=0 SLE=70 SRE=71
244,109.353690,64.233.161.188,192.168.0.102,TCP,68,[TCP Keep-Alive ACK] 5228  >  53934 [ACK] Seq=1 Ack=2 Win=180 Len=0 SLE=1 SRE=2
245,109.635441,172.217.20.174,192.168.0.102,TLSv1.2,117,Application Data
247,109.649725,172.217.20.174,192.168.0.102,TCP,56,"443  >  55300 [FIN, ACK] Seq=64 Ack=2 Win=243 Len=0"
249,109.692607,172.217.20.174,192.168.0.102,TCP,56,443  >  55300 [ACK] Seq=65 Ack=3 Win=243 Len=0
250,109.777711,172.217.20.173,192.168.0.102,TLSv1.2,117,Application Data
252,109.789597,172.217.20.173,192.168.0.102,TCP,56,"443  >  55452 [FIN, ACK] Seq=64 Ack=2 Win=186 Len=0"
254,109.829766,172.217.20.173,192.168.0.102,TCP,56,443  >  55452 [ACK] Seq=65 Ack=3 Win=186 Len=0
256,109.925799,172.217.20.174,192.168.0.102,TCP,68,[TCP Keep-Alive ACK] 443  >  55257 [ACK] Seq=1 Ack=2 Win=757 Len=0 SLE=1 SRE=2
258,110.262203,216.58.209.202,192.168.0.102,TCP,68,[TCP Keep-Alive ACK] 443  >  55372 [ACK] Seq=1 Ack=2 Win=190 Len=0 SLE=1 SRE=2
259,110.375464,192.168.0.102,239.255.255.250,SSDP,216,M-SEARCH * HTTP/1.1 
261,111.019902,157.55.130.153,192.168.0.102,UDP,541,40019  >  23310 Len=499
264,111.169922,198.252.206.25,192.168.0.102,TCP,68,[TCP Keep-Alive ACK] 443  >  55187 [ACK] Seq=59 Ack=38 Win=62 Len=0 SLE=37 SRE=38
265,111.376026,192.168.0.102,239.255.255.250,SSDP,216,M-SEARCH * HTTP/1.1 
267,111.649472,192.168.0.102,192.168.0.1,DNS,73,Standard query 0x9c4f A d.dropbox.com
268,111.658688,192.168.0.1,192.168.0.102,DNS,127,Standard query response 0x9c4f A d.dropbox.com CNAME d.v.dropbox.com CNAME d-sjc.v.dropbox.com A 162.125.32.135
270,111.879666,162.125.32.135,192.168.0.102,TCP,68,"443  >  55466 [SYN, ACK] Seq=0 Ack=1 Win=28800 Len=0 MSS=1440 SACK_PERM=1 WS=512"
273,111.971218,162.125.18.133,192.168.0.102,TLSv1.2,311,Application Data
275,112.081275,162.125.32.135,192.168.0.102,TCP,56,443  >  55466 [ACK] Seq=1 Ack=179 Win=30208 Len=0
276,112.081276,162.125.32.135,192.168.0.102,TLSv1.2,1514,Server Hello
277,112.081277,162.125.32.135,192.168.0.102,TCP,1514,443  >  55466 [ACK] Seq=1461 Ack=179 Win=30208 Len=1460 [TCP segment of a reassembled PDU]
278,112.081293,162.125.32.135,192.168.0.102,TLSv1.2,1287,"Certificate, Server Key Exchange, Server Hello Done"
281,112.122805,162.125.18.133,192.168.0.102,TCP,56,443  >  55200 [ACK] Seq=515 Ack=1399 Win=122 Len=0
282,112.328562,162.125.32.135,192.168.0.102,TLSv1.2,312,"New Session Ticket, Change Cipher Spec, Encrypted Handshake Message"
285,112.375814,192.168.0.102,239.255.255.250,SSDP,216,M-SEARCH * HTTP/1.1 
286,112.542898,162.125.32.135,192.168.0.102,TCP,56,443  >  55466 [ACK] Seq=4412 Ack=2727 Win=34816 Len=0
287,112.607377,162.125.32.135,192.168.0.102,TLSv1.2,597,Application Data
290,113.375125,192.168.0.102,239.255.255.250,SSDP,216,M-SEARCH * HTTP/1.1 
291,114.699536,192.168.0.102,192.168.0.255,DB-LSP-DISC,174,Dropbox LAN sync Discovery Protocol
292,115.322847,192.30.253.124,192.168.0.102,TLSv1.2,88,Application Data
294,115.546887,192.30.253.124,192.168.0.102,TCP,56,443  >  55310 [ACK] Seq=63 Ack=72 Win=31 Len=0
296,116.838501,40.118.105.28,192.168.0.102,TLSv1.2,155,Application Data
299,120.270120,74.125.232.79,192.168.0.102,TLSv1.2,117,Application Data
301,120.292309,74.125.232.79,192.168.0.102,TCP,56,"443  >  55294 [FIN, ACK] Seq=64 Ack=2 Win=621 Len=0"
303,120.323807,74.125.232.79,192.168.0.102,TCP,56,443  >  55294 [ACK] Seq=65 Ack=3 Win=621 Len=0
304,123.001206,194.44.126.86,192.168.0.102,UDP,139,7388  >  23310 Len=97
306,123.813903,192.30.253.125,192.168.0.102,TLSv1.2,88,Application Data
308,123.968508,192.30.253.125,192.168.0.102,TCP,56,443  >  54086 [ACK] Seq=94 Ack=106 Win=31 Len=0
309,124.846069,216.58.209.202,192.168.0.102,TLSv1.2,117,Application Data
311,124.860644,216.58.209.202,192.168.0.102,TCP,56,"443  >  55372 [FIN, ACK] Seq=64 Ack=2 Win=190 Len=0"
313,124.905279,216.58.209.202,192.168.0.102,TCP,56,443  >  55372 [ACK] Seq=65 Ack=3 Win=190 Len=0
314,125.392945,216.58.209.202,192.168.0.202,ARP,42,Who has 192.168.0.102? Tell 192.168.0.1
316,126.531552,77.120.29.11,192.168.0.102,UDP,146,45473  >  23310 Len=104
319,131.085757,172.217.20.163,192.168.0.102,TCP,68,[TCP Keep-Alive ACK] 443  >  55465 [ACK] Seq=688 Ack=1304 Win=46080 Len=0 SLE=1303 SRE=1304
322,135.077425,40.77.226.192,192.168.0.102,TLSv1.2,235,Application Data
324,135.130636,157.55.235.176,192.168.0.102,TCP,56,40009  >  53868 [ACK] Seq=613 Ack=1329 Win=83 Len=0
325,136.117551,162.125.18.133,192.168.0.102,TLSv1.2,311,Application Data
327,136.267528,162.125.18.133,192.168.0.102,TCP,56,443  >  55193 [ACK] Seq=772 Ack=3019 Win=165 Len=0
332,140.747827,216.58.209.206,192.168.0.102,TCP,56,443  >  55463 [RST] Seq=162 Win=0 Len=0
333,140.747828,216.58.209.206,192.168.0.102,TCP,56,443  >  55464 [RST] Seq=4698 Win=0 Len=0
334,144.772567,192.168.0.102,192.168.0.255,DB-LSP-DISC,174,Dropbox LAN sync Discovery Protocol
336,147.690760,198.252.206.25,192.168.0.102,TCP,68,[TCP Keep-Alive ACK] 443  >  55151 [ACK] Seq=59 Ack=38 Win=62 Len=0 SLE=37 SRE=38
338,154.426911,64.233.161.188,192.168.0.102,TCP,68,[TCP Keep-Alive ACK] 5228  >  53934 [ACK] Seq=1 Ack=2 Win=180 Len=0 SLE=1 SRE=2
340,154.978430,172.217.20.174,192.168.0.102,TCP,68,[TCP Keep-Alive ACK] 443  >  55257 [ACK] Seq=1 Ack=2 Win=757 Len=0 SLE=1 SRE=2
342,156.308465,198.252.206.25,192.168.0.102,TCP,68,[TCP Keep-Alive ACK] 443  >  55187 [ACK] Seq=59 Ack=38 Win=62 Len=0 SLE=37 SRE=38
343,156.579536,192.168.0.102,192.168.0.1,DNS,75,Standard query 0xaffc A play.google.com
344,156.583375,192.168.0.1,192.168.0.102,DNS,112,Standard query response 0xaffc A play.google.com CNAME play.l.google.com A 172.217.20.174
346,156.638896,172.217.20.174,192.168.0.102,TCP,68,"443  >  55467 [SYN, ACK] Seq=0 Ack=1 Win=42780 Len=0 MSS=1380 SACK_PERM=1 WS=256"
349,156.697305,172.217.20.174,192.168.0.102,TCP,56,443  >  55467 [ACK] Seq=1 Ack=200 Win=44032 Len=0
350,156.707457,172.217.20.174,192.168.0.102,TLSv1.2,1484,Server Hello
351,156.707459,172.217.20.174,192.168.0.102,TCP,1484,443  >  55467 [ACK] Seq=1431 Ack=200 Win=44032 Len=1430 [TCP segment of a reassembled PDU]
352,156.707460,172.217.20.174,192.168.0.102,TLSv1.2,1484,Certificate [TCP segment of a reassembled PDU]
353,156.707477,172.217.20.174,192.168.0.102,TLSv1.2,135,"Server Key Exchange, Server Hello Done"
359,156.751115,172.217.20.174,192.168.0.102,TLSv1.2,338,"New Session Ticket, Change Cipher Spec, Encrypted Handshake Message"
360,156.754042,172.217.20.174,192.168.0.102,TCP,56,443  >  55467 [ACK] Seq=4656 Ack=1411 Win=46336 Len=0
361,156.754043,172.217.20.174,192.168.0.102,TLSv1.2,123,Application Data
364,156.767957,172.217.20.174,192.168.0.102,TLSv1.2,92,Application Data
365,156.779659,172.217.20.174,192.168.0.102,TLSv1.2,620,Application Data
367,156.779941,172.217.20.174,192.168.0.102,TLSv1.2,383,Application Data
368,156.779942,172.217.20.174,192.168.0.102,TLSv1.2,191,Application Data
370,156.794894,172.217.20.174,192.168.0.102,TLSv1.2,100,Application Data
372,156.850973,172.217.20.174,192.168.0.102,TCP,56,443  >  55467 [ACK] Seq=5841 Ack=1449 Win=46336 Len=0
373,156.850973,172.217.20.174,192.168.0.102,TCP,56,443  >  55467 [ACK] Seq=5841 Ack=1495 Win=46336 Len=0
375,160.712548,192.30.253.124,192.168.0.102,TCP,68,[TCP Keep-Alive ACK] 443  >  55310 [ACK] Seq=63 Ack=72 Win=31 Len=0 SLE=71 SRE=72
378,163.474899,157.55.130.156,192.168.0.102,UDP,589,40012  >  23310 Len=547
380,163.608227,111.221.77.146,192.168.0.102,UDP,62,40026  >  23310 Len=20
381,163.644907,157.55.56.157,192.168.0.102,UDP,63,40016  >  23310 Len=21
383,167.636903,172.217.20.174,192.168.0.102,TCP,68,"443  >  55468 [SYN, ACK] Seq=0 Ack=1 Win=42780 Len=0 MSS=1380 SACK_PERM=1 WS=256"
386,167.693083,172.217.20.174,192.168.0.102,TCP,56,443  >  55468 [ACK] Seq=1 Ack=204 Win=44032 Len=0
387,167.698493,172.217.20.174,192.168.0.102,TLSv1.2,1484,Server Hello
388,167.698494,172.217.20.174,192.168.0.102,TCP,1484,443  >  55468 [ACK] Seq=1431 Ack=204 Win=44032 Len=1430 [TCP segment of a reassembled PDU]
389,167.698494,172.217.20.174,192.168.0.102,TLSv1.2,1484,Certificate [TCP segment of a reassembled PDU]
390,167.698513,172.217.20.174,192.168.0.102,TLSv1.2,139,"Server Key Exchange, Server Hello Done"
397,167.740828,172.217.20.174,192.168.0.102,TLSv1.2,375,"New Session Ticket, Change Cipher Spec, Encrypted Handshake Message"
398,167.754282,172.217.20.174,192.168.0.102,TLSv1.2,123,Application Data
401,167.769148,172.217.20.174,192.168.0.102,TCP,56,443  >  55468 [ACK] Seq=4766 Ack=3099 Win=50688 Len=0
402,167.769149,172.217.20.174,192.168.0.102,TLSv1.2,92,Application Data
403,167.783411,172.217.20.174,192.168.0.102,TLSv1.2,496,Application Data
404,167.783413,172.217.20.174,192.168.0.102,TLSv1.2,314,Application Data
405,167.783413,172.217.20.174,192.168.0.102,TLSv1.2,211,Application Data
407,167.797109,172.217.20.174,192.168.0.102,TLSv1.2,100,Application Data
409,167.849696,172.217.20.174,192.168.0.102,TCP,56,443  >  55468 [ACK] Seq=5709 Ack=3984 Win=53248 Len=0
410,168.113332,162.125.18.133,192.168.0.102,TLSv1.2,311,Application Data
412,168.265358,162.125.18.133,192.168.0.102,TCP,56,443  >  55200 [ACK] Seq=772 Ack=2098 Win=124 Len=0
413,168.665293,157.55.235.176,192.168.0.102,TCP,60,"40009  >  53868 [PSH, ACK] Seq=613 Ack=1329 Win=83 Len=3"
415,168.825408,157.55.235.176,192.168.0.102,TCP,72,"40009  >  53868 [PSH, ACK] Seq=616 Ack=1329 Win=83 Len=15"
418,168.826459,192.168.0.102,46.35.163.217,QUIC,61,"Payload (Encrypted), PKN: 167"
419,168.933334,157.55.235.176,192.168.0.102,TCP,56,40009  >  53868 [ACK] Seq=631 Ack=1342 Win=83 Len=0
421,169.125743,192.30.253.125,192.168.0.102,TCP,68,[TCP Keep-Alive ACK] 443  >  54086 [ACK] Seq=94 Ack=106 Win=31 Len=0 SLE=105 SRE=106
424,171.846103,40.118.105.28,192.168.0.102,TLSv1.2,155,Application Data
426,172.634087,162.125.32.135,192.168.0.102,TLSv1.2,88,Encrypted Alert
427,172.634088,162.125.32.135,192.168.0.102,TCP,56,"443  >  55466 [FIN, ACK] Seq=4986 Ack=2727 Win=34816 Len=0"
429,174.884568,192.168.0.102,192.168.0.255,DB-LSP-DISC,174,Dropbox LAN sync Discovery Protocol
430,175.550519,192.30.253.124,192.168.0.102,TLSv1.2,88,Application Data
432,175.702638,192.30.253.124,192.168.0.102,TCP,56,443  >  55310 [ACK] Seq=94 Ack=107 Win=31 Len=0
434,176.138674,172.217.20.163,192.168.0.102,TCP,68,[TCP Keep-Alive ACK] 443  >  55465 [ACK] Seq=688 Ack=1304 Win=46080 Len=0 SLE=1303 SRE=1304
437,177.906697,157.56.52.21,192.168.0.102,UDP,62,40027  >  23310 Len=20
440,184.044470,192.30.253.125,192.168.0.102,TLSv1.2,88,Application Data
442,184.200267,192.30.253.125,192.168.0.102,TCP,56,443  >  54086 [ACK] Seq=125 Ack=141 Win=31 Len=0
444,192.830581,198.252.206.25,192.168.0.102,TCP,68,[TCP Keep-Alive ACK] 443  >  55151 [ACK] Seq=59 Ack=38 Win=62 Len=0 SLE=37 SRE=38
446,195.129815,157.55.235.176,192.168.0.102,TCP,56,40009  >  53868 [ACK] Seq=631 Ack=1834 Win=83 Len=0
447,195.129816,157.55.235.176,192.168.0.102,TCP,60,"40009  >  53868 [PSH, ACK] Seq=631 Ack=1834 Win=83 Len=4"
450,199.497587,64.233.161.188,192.168.0.102,TCP,68,[TCP Keep-Alive ACK] 5228  >  53934 [ACK] Seq=1 Ack=2 Win=180 Len=0 SLE=1 SRE=2
452,200.032871,172.217.20.174,192.168.0.102,TCP,68,[TCP Keep-Alive ACK] 443  >  55257 [ACK] Seq=1 Ack=2 Win=757 Len=0 SLE=1 SRE=2
454,201.456085,198.252.206.25,192.168.0.102,TCP,68,[TCP Keep-Alive ACK] 443  >  55187 [ACK] Seq=59 Ack=38 Win=62 Len=0 SLE=37 SRE=38
456,201.919910,172.217.20.174,192.168.0.102,TCP,68,[TCP Keep-Alive ACK] 443  >  55467 [ACK] Seq=5841 Ack=1495 Win=46336 Len=0 SLE=1494 SRE=1495
457,202.900156,162.125.18.133,192.168.0.102,TLSv1.2,311,Application Data
459,203.053897,162.125.18.133,192.168.0.102,TCP,56,443  >  55200 [ACK] Seq=1029 Ack=2797 Win=127 Len=0
460,204.983991,192.168.0.102,192.168.0.255,DB-LSP-DISC,174,Dropbox LAN sync Discovery Protocol
464,207.759060,157.55.235.151,192.168.0.102,UDP,131,40012  >  23310 Len=89
465,207.760275,157.55.235.166,192.168.0.102,UDP,63,40014  >  23310 Len=21
466,207.889164,157.56.52.36,192.168.0.102,UDP,485,40033  >  23310 Len=443
468,208.101823,64.4.23.165,192.168.0.102,UDP,63,40013  >  23310 Len=21
470,212.919593,172.217.20.174,192.168.0.102,TCP,68,[TCP Keep-Alive ACK] 443  >  55468 [ACK] Seq=5709 Ack=3984 Win=53248 Len=0 SLE=3983 SRE=3984
471,214.701587,172.217.20.174,192.168.0.102,TLSv1.2,117,Application Data
473,214.732233,172.217.20.174,192.168.0.102,TCP,56,"443  >  55257 [FIN, ACK] Seq=64 Ack=2 Win=757 Len=0"
475,214.759586,172.217.20.174,192.168.0.102,TCP,56,443  >  55257 [ACK] Seq=65 Ack=3 Win=757 Len=0
477,220.855310,192.30.253.124,192.168.0.102,TCP,68,[TCP Keep-Alive ACK] 443  >  55310 [ACK] Seq=94 Ack=107 Win=31 Len=0 SLE=106 SRE=107
479,221.191617,172.217.20.163,192.168.0.102,TCP,68,[TCP Keep-Alive ACK] 443  >  55465 [ACK] Seq=688 Ack=1304 Win=46080 Len=0 SLE=1303 SRE=1304
480,221.620916,192.168.0.1,224.0.0.1,IGMPv2,46,"Membership Query, general"
481,223.034249,86.171.43.198,192.168.0.102,UDP,60,19581  >  23310 Len=18
484,223.189412,65.55.223.13,192.168.0.102,UDP,62,40009  >  23310 Len=20
485,225.105076,162.125.18.133,192.168.0.102,TLSv1.2,311,Application Data
487,225.256372,162.125.18.133,192.168.0.102,TCP,56,443  >  55193 [ACK] Seq=1029 Ack=4025 Win=169 Len=0
489,226.839387,40.118.105.28,192.168.0.102,TLSv1.2,155,Application Data
496,229.357300,192.30.253.125,192.168.0.102,TCP,68,[TCP Keep-Alive ACK] 443  >  54086 [ACK] Seq=125 Ack=141 Win=31 Len=0 SLE=140 SRE=141
498,230.376316,192.168.0.102,239.255.255.250,SSDP,216,M-SEARCH * HTTP/1.1 
499,231.377073,192.168.0.102,239.255.255.250,SSDP,216,M-SEARCH * HTTP/1.1 
501,231.788752,40.77.226.192,192.168.0.102,TLSv1.2,203,Application Data
503,232.377933,192.168.0.102,239.255.255.250,SSDP,216,M-SEARCH * HTTP/1.1 
504,233.377458,192.168.0.102,239.255.255.250,SSDP,216,M-SEARCH * HTTP/1.1 
505,235.084225,192.168.0.102,192.168.0.255,DB-LSP-DISC,174,Dropbox LAN sync Discovery Protocol
506,235.759561,192.30.253.124,192.168.0.102,TLSv1.2,88,Application Data
508,235.914421,192.30.253.124,192.168.0.102,TCP,56,443  >  55310 [ACK] Seq=125 Ack=142 Win=31 Len=0
510,236.966477,88.208.35.231,192.168.0.102,TCP,68,"443  >  55470 [SYN, ACK] Seq=0 Ack=1 Win=29200 Len=0 MSS=1460 SACK_PERM=1 WS=128"
513,237.019902,88.208.35.231,192.168.0.102,TCP,56,443  >  55470 [ACK] Seq=1 Ack=518 Win=30336 Len=0
514,237.019903,88.208.35.231,192.168.0.102,TLSv1.2,1514,Server Hello
515,237.019904,88.208.35.231,192.168.0.102,TCP,1514,443  >  55470 [ACK] Seq=1461 Ack=518 Win=30336 Len=1460 [TCP segment of a reassembled PDU]
516,237.019905,88.208.35.231,192.168.0.102,TCP,1230,"443  >  55470 [PSH, ACK] Seq=2921 Ack=518 Win=30336 Len=1176 [TCP segment of a reassembled PDU]"
518,237.021888,88.208.35.231,192.168.0.102,TLSv1.2,1514,Certificate [TCP segment of a reassembled PDU]
520,237.072164,88.208.35.231,192.168.0.102,TLSv1.2,332,"Server Key Exchange, Server Hello Done"
522,237.127435,88.208.35.231,192.168.0.102,TLSv1.2,320,"New Session Ticket, Change Cipher Spec, Encrypted Handshake Message"
524,237.182769,88.208.35.231,192.168.0.102,TLSv1.2,427,Application Data
528,237.797950,157.55.235.174,192.168.0.102,UDP,62,40027  >  23310 Len=20
530,237.907669,157.55.56.165,192.168.0.102,UDP,62,40035  >  23310 Len=20
531,237.978705,198.252.206.25,192.168.0.102,TCP,68,[TCP Keep-Alive ACK] 443  >  55151 [ACK] Seq=59 Ack=38 Win=62 Len=0 SLE=37 SRE=38
532,242.104204,88.208.35.231,192.168.0.102,TLSv1.2,107,Encrypted Alert
533,242.116644,88.208.35.231,192.168.0.102,TCP,56,"443  >  55470 [FIN, ACK] Seq=6527 Ack=1281 Win=32640 Len=0"
535,244.263993,192.30.253.125,192.168.0.102,TLSv1.2,88,Application Data
537,244.419937,192.30.253.125,192.168.0.102,TCP,56,443  >  54086 [ACK] Seq=156 Ack=176 Win=31 Len=0
539,244.571477,64.233.161.188,192.168.0.102,TCP,68,[TCP Keep-Alive ACK] 5228  >  53934 [ACK] Seq=1 Ack=2 Win=180 Len=0 SLE=1 SRE=2
541,246.600419,198.252.206.25,192.168.0.102,TCP,68,[TCP Keep-Alive ACK] 443  >  55187 [ACK] Seq=59 Ack=38 Win=62 Len=0 SLE=37 SRE=38
543,246.988774,172.217.20.174,192.168.0.102,TCP,68,[TCP Keep-Alive ACK] 443  >  55467 [ACK] Seq=5841 Ack=1495 Win=46336 Len=0 SLE=1494 SRE=1495
545,251.846567,65.55.223.22,192.168.0.102,UDP,497,40018  >  23310 Len=455
547,252.064098,157.56.52.33,192.168.0.102,UDP,63,40029  >  23310 Len=21
549,255.202165,157.55.235.176,192.168.0.102,TCP,56,40009  >  53868 [ACK] Seq=635 Ack=1836 Win=83 Len=0
551,255.310188,157.55.235.176,192.168.0.102,TCP,56,40009  >  53868 [ACK] Seq=635 Ack=2328 Win=83 Len=0
552,255.310189,157.55.235.176,192.168.0.102,TCP,60,"40009  >  53868 [PSH, ACK] Seq=635 Ack=2328 Win=83 Len=4"
554,256.882665,157.55.235.176,192.168.0.102,TCP,60,"40009  >  53868 [PSH, ACK] Seq=639 Ack=2328 Win=83 Len=3"
556,257.043403,157.55.235.176,192.168.0.102,TCP,64,"40009  >  53868 [PSH, ACK] Seq=642 Ack=2328 Win=83 Len=10"
558,257.194471,157.55.235.176,192.168.0.102,TCP,56,40009  >  53868 [ACK] Seq=652 Ack=2332 Win=83 Len=0
560,257.974681,172.217.20.174,192.168.0.102,TCP,68,[TCP Keep-Alive ACK] 443  >  55468 [ACK] Seq=5709 Ack=3984 Win=53248 Len=0 SLE=3983 SRE=3984
561,260.687234,162.125.18.133,192.168.0.102,TLSv1.2,311,Application Data
563,260.839662,162.125.18.133,192.168.0.102,TCP,56,443  >  55200 [ACK] Seq=1286 Ack=3496 Win=130 Len=0
564,260.951790,162.125.18.133,192.168.0.102,TLSv1.2,311,Application Data
566,261.103368,162.125.18.133,192.168.0.102,TCP,56,443  >  55193 [ACK] Seq=1286 Ack=5031 Win=173 Len=0
567,265.165267,192.168.0.102,192.168.0.255,DB-LSP-DISC,174,Dropbox LAN sync Discovery Protocol
569,266.244196,172.217.20.163,192.168.0.102,TCP,68,[TCP Keep-Alive ACK] 443  >  55465 [ACK] Seq=688 Ack=1304 Win=46080 Len=0 SLE=1303 SRE=1304
573,281.075119,192.30.253.124,192.168.0.102,TCP,68,[TCP Keep-Alive ACK] 443  >  55310 [ACK] Seq=125 Ack=142 Win=31 Len=0 SLE=141 SRE=142
575,281.840136,40.118.105.28,192.168.0.102,TLSv1.2,155,Application Data
